
insert into equipos (codigo, nombre, pais) values (4968, 'Alianza Lima', 'Peru');
insert into equipos (codigo, nombre, pais) values (2588, 'Universitario', 'Peru');
insert into equipos (codigo, nombre, pais) values (1667, 'Sporting Cristal', 'Peru');
insert into equipos (codigo, nombre, pais) values (7826, 'FBC Melgar', 'Peru');
insert into equipos (codigo, nombre, pais) values (6507, 'Sport Huancayo', 'Peru');
insert into equipos (codigo, nombre, pais) values (8259, 'ADT de Tarma', 'Peru');
insert into equipos (codigo, nombre, pais) values (3145, 'Deportivo Garcilaso', 'Peru');
insert into equipos (codigo, nombre, pais) values (9536, 'Cusco FC', 'Peru');
insert into equipos (codigo, nombre, pais) values (4736, 'César Vallejo', 'Peru');
insert into equipos (codigo, nombre, pais) values (6266, 'Cienciano', 'Peru');
insert into equipos (codigo, nombre, pais) values (3252, 'Mannucci', 'Peru');
insert into equipos (codigo, nombre, pais) values (6668, 'UTC', 'Peru');
insert into equipos (codigo, nombre, pais) values (5316, 'Atlético Grau', 'Peru');
insert into equipos (codigo, nombre, pais) values (3049, 'Alianza Atlético', 'Peru');
insert into equipos (codigo, nombre, pais) values (8204, 'Binacional', 'Peru');
insert into equipos (codigo, nombre, pais) values (7085, 'Sport Boys', 'Peru');
insert into equipos (codigo, nombre, pais) values (9273, 'Unión Comercio', 'Peru');
insert into equipos (codigo, nombre, pais) values (7804, 'Deportivo Municipal', 'Peru');
insert into equipos (codigo, nombre, pais) values (1186, 'Cantolao', 'Peru');

insert into usuarios (codigo, nombre, apellido, correo, contrasenia, edad) values (7837, 'Robinetta', 'Gornall', 'rgornall0@jigsy.com', 'lL9=**_L', 66);
insert into usuarios (codigo, nombre, apellido, correo, contrasenia, edad) values (9265, 'Suzette', 'Kineton', 'skineton1@mapquest.com', 'yC3*`wH{m"', 34);
insert into usuarios (codigo, nombre, apellido, correo, contrasenia, edad) values (9572, 'Vassili', 'Alman', 'valman2@hostgator.com', 'fI0+bE#IU', 15);
insert into usuarios (codigo, nombre, apellido, correo, contrasenia, edad) values (9428, 'Padget', 'Trelease', 'ptrelease3@twitpic.com', 'mG3,dVHY', 50);
insert into usuarios (codigo, nombre, apellido, correo, contrasenia, edad) values (2591, 'Ferdinand', 'Cusick', 'fcusick4@zdnet.com', 'xG6<n2P}/', 48);
insert into usuarios (codigo, nombre, apellido, correo, contrasenia, edad) values (2151, 'Ealasaid', 'Lohde', 'elohde5@zdnet.com', 'fD6_Ro".e2', 44);
insert into usuarios (codigo, nombre, apellido, correo, contrasenia, edad) values (6431, 'Miquela', 'Hixson', 'mhixson6@ifeng.com', 'dX4,)eEQbzwE(', 26);
insert into usuarios (codigo, nombre, apellido, correo, contrasenia, edad) values (2290, 'Pieter', 'O''Hannigan', 'pohannigan7@prnewswire.com', 'lW0.d!iRx6E', 11);
insert into usuarios (codigo, nombre, apellido, correo, contrasenia, edad) values (8772, 'Ogdon', 'Darcy', 'odarcy8@xinhuanet.com', 'lF1!.E6z>I''kbs<', 45);
insert into usuarios (codigo, nombre, apellido, correo, contrasenia, edad) values (5530, 'Vallie', 'Van Bruggen', 'vvanbruggen9@hud.gov', 'aZ7#Bs.dRGbXF', 51);


insert into usuarios_equipos_favoritos (codigo_usuario, codigo_equipo) values (7837, 4968);
insert into usuarios_equipos_favoritos (codigo_usuario, codigo_equipo) values (9265, 2588);
insert into usuarios_equipos_favoritos (codigo_usuario, codigo_equipo) values (9572, 1667);
insert into usuarios_equipos_favoritos (codigo_usuario, codigo_equipo) values (9428, 7826);
insert into usuarios_equipos_favoritos (codigo_usuario, codigo_equipo) values (2591, 6507);
insert into usuarios_equipos_favoritos (codigo_usuario, codigo_equipo) values (2151, 8259);
insert into usuarios_equipos_favoritos (codigo_usuario, codigo_equipo) values (6431, 3145);
insert into usuarios_equipos_favoritos (codigo_usuario, codigo_equipo) values (2290, 9536);
insert into usuarios_equipos_favoritos (codigo_usuario, codigo_equipo) values (8772, 4736);
insert into usuarios_equipos_favoritos (codigo_usuario, codigo_equipo) values (5530, 6266);

insert into jugadores (codigo, nombre, apellido, edad, pais, altura, peso) values (8913, 'Hernan', 'Barcos', 39, 'Argentina', 1.85, 86);
insert into jugadores (codigo, nombre, apellido, edad, pais, altura, peso) values (1115, 'Hernan', 'Barcos', 39, 'Argentina', 1.85, 86);
insert into jugadores (codigo, nombre, apellido, edad, pais, altura, peso) values (7141, 'Piero', 'Quispe', 22, 'Peru', 1.68, 65);
insert into jugadores (codigo, nombre, apellido, edad, pais, altura, peso) values (2189, 'Yoshimar', 'Yotun', 33, 'Peru', 1.70, 68);
insert into jugadores (codigo, nombre, apellido, edad, pais, altura, peso) values (7826, 'Bernardo', 'Cuesta', 34, 'Argentina', 1.81, 76);
insert into jugadores (codigo, nombre, apellido, edad, pais, altura, peso) values (1777, 'Marcos', 'Lliuya', 31, 'Peru', 1.68, 73);
insert into jugadores (codigo, nombre, apellido, edad, pais, altura, peso) values (8003, 'Kevin', 'Serna', 25, 'Colombia', 1.81, 80);
insert into jugadores (codigo, nombre, apellido, edad, pais, altura, peso) values (6442, 'Kevin', 'Quevedo', 26, 'Peru', 1.80, 78);
insert into jugadores (codigo, nombre, apellido, edad, pais, altura, peso) values (9651, 'Christopher ', 'Olivares', 24, 'Peru', 1.88, 73);
insert into jugadores (codigo, nombre, apellido, edad, pais, altura, peso) values (7017, 'Joaquin', 'Rivadeneyra', 19, 'Peru', 1.77, 86);

insert into usuarios_jugadores_favoritos (codigo_usuario, codigo_jugador) values (7837, 8913);
insert into usuarios_jugadores_favoritos (codigo_usuario, codigo_jugador) values (9265, 1115);
insert into usuarios_jugadores_favoritos (codigo_usuario, codigo_jugador) values (9572, 7141);
insert into usuarios_jugadores_favoritos (codigo_usuario, codigo_jugador) values (9428, 2189);
insert into usuarios_jugadores_favoritos (codigo_usuario, codigo_jugador) values (2591, 7826);
insert into usuarios_jugadores_favoritos (codigo_usuario, codigo_jugador) values (2151, 1777);
insert into usuarios_jugadores_favoritos (codigo_usuario, codigo_jugador) values (6431, 8003);
insert into usuarios_jugadores_favoritos (codigo_usuario, codigo_jugador) values (2290, 6442);
insert into usuarios_jugadores_favoritos (codigo_usuario, codigo_jugador) values (8772, 9651);
insert into usuarios_jugadores_favoritos (codigo_usuario, codigo_jugador) values (5530, 7017);

insert into jugadores_equipos_historial (codigo_jugador, codigo_equipo, fecha_inicio, fecha_fin) values (8913, 4968, '04/14/2021', '05/04/2027');
insert into jugadores_equipos_historial (codigo_jugador, codigo_equipo, fecha_inicio, fecha_fin) values (1115, 2588, '05/14/2022', '04/26/2026');
insert into jugadores_equipos_historial (codigo_jugador, codigo_equipo, fecha_inicio, fecha_fin) values (7141, 1667, '08/07/2021', '09/10/2024');
insert into jugadores_equipos_historial (codigo_jugador, codigo_equipo, fecha_inicio, fecha_fin) values (2189, 7826, '05/12/2023', '08/27/2025');
insert into jugadores_equipos_historial (codigo_jugador, codigo_equipo, fecha_inicio, fecha_fin) values (7826, 6507, '02/12/2021', '06/26/2027');
insert into jugadores_equipos_historial (codigo_jugador, codigo_equipo, fecha_inicio, fecha_fin) values (1777, 8259, '03/19/2020', '05/22/2025');
insert into jugadores_equipos_historial (codigo_jugador, codigo_equipo, fecha_inicio, fecha_fin) values (8003, 3145, '11/30/2019', '02/25/2026');
insert into jugadores_equipos_historial (codigo_jugador, codigo_equipo, fecha_inicio, fecha_fin) values (6442, 9536, '04/21/2022', '10/06/2025');
insert into jugadores_equipos_historial (codigo_jugador, codigo_equipo, fecha_inicio, fecha_fin) values (9651, 4736, '03/21/2020', '12/22/2027');
insert into jugadores_equipos_historial (codigo_jugador, codigo_equipo, fecha_inicio, fecha_fin) values (7017, 6266, '03/20/2019', '05/08/2023');

insert into competiciones (codigo, nombre, fecha_inicio, fecha_fin) values (64381, 'Premier League', '07/02/2023', '05/22/2027');
insert into competiciones (codigo, nombre, fecha_inicio, fecha_fin) values (86472, 'Superliga Argentina', '04/02/2023', '05/02/2023');
insert into competiciones (codigo, nombre, fecha_inicio, fecha_fin) values (66123, 'Superliga Bolivia', '02/10/2023', '04/12/2028');
insert into competiciones (codigo, nombre, fecha_inicio, fecha_fin) values (59364, 'Eredivisie', '05/15/2025', '02/08/2026');
insert into competiciones (codigo, nombre, fecha_inicio, fecha_fin) values (90163, 'Ligue 1', '09/15/2026', '06/15/2027');
insert into competiciones (codigo, nombre, fecha_inicio, fecha_fin) values (61487, 'Bundesliga', '05/20/2025', '12/07/2023');
insert into competiciones (codigo, nombre, fecha_inicio, fecha_fin) values (33248, 'Liga 1', '10/03/2028', '02/29/2024');
insert into competiciones (codigo, nombre, fecha_inicio, fecha_fin) values (10129, 'Serie A', '11/27/2022', '02/27/2025');
insert into competiciones (codigo, nombre, fecha_inicio, fecha_fin) values (41771, 'Liga Española', '03/31/2027', '02/01/2026');
insert into competiciones (codigo, nombre, fecha_inicio, fecha_fin) values (84532, 'Campeonato Uruguayo', '09/19/2023', '01/27/2023');

insert into estadisticas (codigo, ritmo, tiro, pase, regate, defensa, fisico, promedio, codigo_jugador) values (83110567, 78, 66, 85, 78, 99, 80, 81, 8913);
insert into estadisticas (codigo, ritmo, tiro, pase, regate, defensa, fisico, promedio, codigo_jugador) values (27648988, 55, 66, 78, 88, 90, 57, 75, 1115);
insert into estadisticas (codigo, ritmo, tiro, pase, regate, defensa, fisico, promedio, codigo_jugador) values (80181117, 66, 80, 75, 67, 72, 74, 72, 7141);
insert into estadisticas (codigo, ritmo, tiro, pase, regate, defensa, fisico, promedio, codigo_jugador) values (23923329, 82, 75, 76, 76, 67, 80, 75, 2189);
insert into estadisticas (codigo, ritmo, tiro, pase, regate, defensa, fisico, promedio, codigo_jugador) values (25129515, 58, 69, 70, 68, 75, 67, 68, 7826);
insert into estadisticas (codigo, ritmo, tiro, pase, regate, defensa, fisico, promedio, codigo_jugador) values (86065235, 76, 78, 95, 90, 52, 64, 79, 1777);
insert into estadisticas (codigo, ritmo, tiro, pase, regate, defensa, fisico, promedio, codigo_jugador) values (16267824, 55, 56, 62, 72, 79, 50, 75, 8003);
insert into estadisticas (codigo, ritmo, tiro, pase, regate, defensa, fisico, promedio, codigo_jugador) values (92256633, 81, 82, 70, 80, 80, 50, 79, 6442);
insert into estadisticas (codigo, ritmo, tiro, pase, regate, defensa, fisico, promedio, codigo_jugador) values (76564313, 82, 78, 67, 68, 90, 95, 77, 9651);
insert into estadisticas (codigo, ritmo, tiro, pase, regate, defensa, fisico, promedio, codigo_jugador) values (18474823, 60, 78, 78, 82, 89, 73, 77, 7017);

insert into fases (codigo, nombre, codigo_competicion) values (816504, 'Torneo apertura', 64381);
insert into fases (codigo, nombre, codigo_competicion) values (368607, 'Torneo apertura', 86472);
insert into fases (codigo, nombre, codigo_competicion) values (674565, 'Torneo clausura', 66123);
insert into fases (codigo, nombre, codigo_competicion) values (118269, 'Torneo apertura', 59364);
insert into fases (codigo, nombre, codigo_competicion) values (647327, 'Torneo apertura', 90163);
insert into fases (codigo, nombre, codigo_competicion) values (624832, 'Torneo apertura', 61487);
insert into fases (codigo, nombre, codigo_competicion) values (568737, 'Torneo clausura', 33248);
insert into fases (codigo, nombre, codigo_competicion) values (347624, 'Torneo clausura', 10129);
insert into fases (codigo, nombre, codigo_competicion) values (286571, 'Torneo apertura', 41771);
insert into fases (codigo, nombre, codigo_competicion) values (818831, 'Torneo apertura', 84532);

insert into noticias (codigo, contenido, imagen) values (888212, 'Hernan Barcos marca hat-trick en el clásico', 'http://dummyimage.com/113x100.png/ff4444/ffffff');
insert into noticias (codigo, contenido, imagen) values (163132, 'Grimaldinho firma contrato millonario', 'http://dummyimage.com/243x100.png/5fa2dd/ffffff');
insert into noticias (codigo, contenido, imagen) values (371041, 'La U ruega por la 27', 'http://dummyimage.com/183x100.png/cc0000/ffffff');
insert into noticias (codigo, contenido, imagen) values (224625, 'Alianza celebra su biscentenario', 'http://dummyimage.com/166x100.png/5fa2dd/ffffff');
insert into noticias (codigo, contenido, imagen) values (757067, 'Llegara Cristal a la final?', 'http://dummyimage.com/196x100.png/dddddd/000000');
insert into noticias (codigo, contenido, imagen) values (684287, 'Boys al borde del abismo', 'http://dummyimage.com/100x100.png/5fa2dd/ffffff');
insert into noticias (codigo, contenido, imagen) values (585900, 'El nuevo jale de MAlianza, Joaqui Rivadeneyra', 'http://dummyimage.com/152x100.png/ff4444/ffffff');
insert into noticias (codigo, contenido, imagen) values (967876, 'Periche Quiroga el terror de los delanteros', 'http://dummyimage.com/227x100.png/dddddd/000000');
insert into noticias (codigo, contenido, imagen) values (832408, 'Joaquin es el nuevo goleador de Alianza', 'http://dummyimage.com/221x100.png/dddddd/000000');
insert into noticias (codigo, contenido, imagen) values (218656, 'Carturo04 debuta con Binacional', 'http://dummyimage.com/238x100.png/ff4444/ffffff');

insert into comentarios (codigo, contenido, codigo_usuario, codigo_noticia) values (45230, 'ESPECTACULAR', 7837, 888212);
insert into comentarios (codigo, contenido, codigo_usuario, codigo_noticia) values (55674, 'El mejor del año', 9265, 163132);
insert into comentarios (codigo, contenido, codigo_usuario, codigo_noticia) values (14815, 'Eso espero que nunca pase...', 9572, 371041);
insert into comentarios (codigo, contenido, codigo_usuario, codigo_noticia) values (84045, 'El equipo con mas descensos', 9428, 224625);
insert into comentarios (codigo, contenido, codigo_usuario, codigo_noticia) values (21524, 'Espero que si...', 2591, 757067);
insert into comentarios (codigo, contenido, codigo_usuario, codigo_noticia) values (67260, 'Desciende de 1', 2151, 684287);
insert into comentarios (codigo, contenido, codigo_usuario, codigo_noticia) values (90114, 'Un crack de la elite', 6431, 585900);
insert into comentarios (codigo, contenido, codigo_usuario, codigo_noticia) values (88381, 'Un desastre de arquero', 2290, 967876);
insert into comentarios (codigo, contenido, codigo_usuario, codigo_noticia) values (30033, 'El hatrick en el clasico fue increible', 8772, 832408);
insert into comentarios (codigo, contenido, codigo_usuario, codigo_noticia) values (51128, 'The GOAT', 5530, 218656);

insert into equipos_competiciones (codigo_equipo, codigo_competicion) values (4968, 33248);
insert into equipos_competiciones (codigo_equipo, codigo_competicion) values (2588, 33248);
insert into equipos_competiciones (codigo_equipo, codigo_competicion) values (1667, 33248);
insert into equipos_competiciones (codigo_equipo, codigo_competicion) values (7826, 33248);
insert into equipos_competiciones (codigo_equipo, codigo_competicion) values (6507, 33248);
insert into equipos_competiciones (codigo_equipo, codigo_competicion) values (8259, 33248);
insert into equipos_competiciones (codigo_equipo, codigo_competicion) values (3145, 33248);
insert into equipos_competiciones (codigo_equipo, codigo_competicion) values (9536, 33248);
insert into equipos_competiciones (codigo_equipo, codigo_competicion) values (4736, 33248);
insert into equipos_competiciones (codigo_equipo, codigo_competicion) values (6266, 33248);
insert into equipos_competiciones (codigo_equipo, codigo_competicion) values (3252, 33248);
insert into equipos_competiciones (codigo_equipo, codigo_competicion) values (6668, 33248);
insert into equipos_competiciones (codigo_equipo, codigo_competicion) values (5316, 33248);
insert into equipos_competiciones (codigo_equipo, codigo_competicion) values (3049, 33248);
insert into equipos_competiciones (codigo_equipo, codigo_competicion) values (8204, 33248);
insert into equipos_competiciones (codigo_equipo, codigo_competicion) values (7085, 33248);
insert into equipos_competiciones (codigo_equipo, codigo_competicion) values (9273, 33248);
insert into equipos_competiciones (codigo_equipo, codigo_competicion) values (7804, 33248);
insert into equipos_competiciones (codigo_equipo, codigo_competicion) values (1186, 33248);

insert into partidos (codigo, codigo_fase, fecha, goles_local, goles_visita, equipo_ganador, codigo_visitante, codigo_local) values (454634567, 568737, '10/20/2023', 1, 1, 'Empate', 4736, 6668);
insert into partidos (codigo, codigo_fase, fecha, goles_local, goles_visita, equipo_ganador, codigo_visitante, codigo_local) values (219912244, 568737, '10/21/2023', 1, 2, 'Municipal', 7804, 3049);
insert into partidos (codigo, codigo_fase, fecha, goles_local, goles_visita, equipo_ganador, codigo_visitante, codigo_local) values (826912345, 568737, '10/21/2023', 0, 0, 'Empate', 8259, 4968);
insert into partidos (codigo, codigo_fase, fecha, goles_local, goles_visita, equipo_ganador, codigo_visitante, codigo_local) values (897956578, 568737, '10/21/2023', 1, 1, 'Empate', 2588, 9536);
insert into partidos (codigo, codigo_fase, fecha, goles_local, goles_visita, equipo_ganador, codigo_visitante, codigo_local) values (636956577, 568737, '10/22/2023', 1, 2, 'Garcilazo', 3145, 9273);
insert into partidos (codigo, codigo_fase, fecha, goles_local, goles_visita, equipo_ganador, codigo_visitante, codigo_local) values (668045647, 568737, '10/22/2023', 3, 2, 'Manucci', 8204, 3252);
insert into partidos (codigo, codigo_fase, fecha, goles_local, goles_visita, equipo_ganador, codigo_visitante, codigo_local) values (488057567, 568737, '10/22/2023', 1, 0, 'Huancayo', 7085, 6507);
insert into partidos (codigo, codigo_fase, fecha, goles_local, goles_visita, equipo_ganador, codigo_visitante, codigo_local) values (489645432, 568737, '10/22/2023', 1, 0, 'Cienciano', 1667, 6266);
insert into partidos (codigo, codigo_fase, fecha, goles_local, goles_visita, equipo_ganador, codigo_visitante, codigo_local) values (676135346, 568737, '10/23/2023', 0, 4, 'Atl Grau', 5316, 1186);
